Graph,Machine,Algorithm,TimeToCompute(ms),Cost,IsOptimal,Gap
west0132,p8_10,ILP,18000580,39,False,73.12%
west0132,p8_10,ILP,6776000,117,False,93.20%
west0132,p8_10,ILP_dupl,18000120,98,False,128.8%
west0132,p8_10,ILP_repl,18000200,12,False,100%
rajat14,p8_10,ILP,18000110,323,False,1.9%
rajat14,p8_10,ILP_dupl,18002070,401,False,48.24%
rajat14,p8_10,ILP_repl,18001370,426,False,41.5%
mmlu_deepseek_layer7_pins1000_nonIso,p8_10,ILP,8632000,440,False,80.22%
mmlu_deepseek_layer6_pins1000_set2_nonIso,p8_10,ILP,18000030,352,False,15.18%
mmlu_deepseek_layer6_pins1000_set2_nonIso,p8_10,ILP_dupl,8390000,618,False,159.74%
mmlu_deepseek_layer6_pins1000_nonIso,p8_10,ILP,18000180,494,False,60.37%
mmlu_deepseek_layer6_pins1000_nonIso,p8_10,ILP_dupl,18002160,612,False,106.5%
mmlu_deepseek_layer6_pins1000_nonIso,p8_10,ILP_repl,18000530,711,False,100%
mmlu_deepseek_layer5_pins1000_set2_nonIso,p8_10,ILP,18000170,164,False,12.31%
mmlu_deepseek_layer5_pins1000_set2_nonIso,p8_10,ILP_dupl,18003140,463,False,143.3%
mmlu_deepseek_layer5_pins1000_set2_nonIso,p8_10,ILP_repl,18000550,570,False,100%
mmlu_deepseek_layer5_pins1000_nonIso,p8_10,ILP,18000240,245,False,78.71%
mmlu_deepseek_layer5_pins1000_nonIso,p8_10,ILP_dupl,18002070,493,False,107.9%
mmlu_deepseek_layer5_pins1000_nonIso,p8_10,ILP_repl,18001010,571,False,100%
mesh1e1,p8_10,ILP,18000030,31,False,58.45%
mesh1e1,p8_10,ILP_dupl,18000850,65,False,115.4%
mesh1e1,p8_10,ILP_repl,18000030,19,False,100%
impcol_e,p8_10,ILP,18000130,125,False,21.23%
impcol_e,p8_10,ILP_dupl,18003630,194,False,112.5%
impcol_e,p8_10,ILP_repl,18000230,262,False,89.85%
d_dyn,p8_10,ILP,18000070,26,False,51.43%
d_dyn,p8_10,ILP_dupl,18000570,81,False,123.8%
d_dyn,p8_10,ILP_repl,18000130,8,False,100%
bcspwr04,p8_10,ILP,16772340,39,True,0%
bcspwr04,p8_10,ILP_dupl,18015010,221,False,112.1%
bcspwr04,p8_10,ILP_repl,18001040,339,False,100%
west0479,p4_5,ILP,17565520,67,True,0%
west0479,p4_5,ILP_dupl,18000560,180,False,107.9%
west0479,p4_5,ILP_repl,18000270,227,False,96.34%
west0156,p4_5,ILP,2034990,12,True,0%
west0156,p4_5,ILP,76480,12,True,0%
west0156,p4_5,ILP_dupl,18000550,31,False,126.3%
west0156,p4_5,ILP_dupl,18000110,6,False,56.39%
west0156,p4_5,ILP_repl,2375260,6,True,0%
west0132,p4_5,ILP,5111490,14,True,0%
west0132,p4_5,ILP_dupl,18000240,10,False,160.4%
west0132,p4_5,ILP_repl,2369000,9,False,100.0%
west0132,p4_5,ILP_repl,18000170,6,False,81.41%
refine,p4_5,ILP,83020,10,True,0%
refine,p4_5,ILP_dupl,1569020,3,True,0%
refine,p4_5,ILP_repl,539830,3,True,0%
rajat14,p4_5,ILP,560910,176,True,0%
rajat14,p4_5,ILP_dupl,18000040,167,False,3.602%
rajat14,p4_5,ILP_repl,16550029,166,True,0%
mmlu_qwen_layer4_pins1000_set2_nonIso,p4_5,ILP,1493390,286,True,0%
mmlu_qwen_layer4_pins1000_set2_nonIso,p4_5,ILP_dupl,18000350,222,False,89.53%
mmlu_qwen_layer4_pins1000_set2_nonIso,p4_5,ILP_repl,18000540,212,False,58.96%
mmlu_qwen_layer4_pins1000_nonIso,p4_5,ILP,42480,93,True,0%
mmlu_qwen_layer4_pins1000_nonIso,p4_5,ILP_dupl,18000040,68,False,36.27%
mmlu_qwen_layer4_pins1000_nonIso,p4_5,ILP_repl,18000200,76,False,82.3%
mmlu_qwen_layer3_pins1000_set2_nonIso,p4_5,ILP,1462760,345,True,0%
mmlu_qwen_layer3_pins1000_set2_nonIso,p4_5,ILP,1455250,345,True,0%
mmlu_qwen_layer3_pins1000_set2_nonIso,p4_5,ILP_dupl,18001030,538,False,97.34%
mmlu_qwen_layer3_pins1000_set2_nonIso,p4_5,ILP_dupl,8678000,538,False,106.99%
mmlu_qwen_layer3_pins1000_set2_nonIso,p4_5,ILP_repl,18000110,302,False,78.53%
mmlu_qwen_layer3_pins1000_nonIso,p4_5,ILP,613880,125,True,0%
mmlu_qwen_layer3_pins1000_nonIso,p4_5,ILP,325150,125,True,0%
mmlu_qwen_layer3_pins1000_nonIso,p4_5,ILP_dupl,7696000,103,False,72.6%
mmlu_qwen_layer3_pins1000_nonIso,p4_5,ILP_dupl,18000110,106,False,62.55%
mmlu_qwen_layer3_pins1000_nonIso,p4_5,ILP_repl,18000030,118,False,82.01%
mmlu_qwen_layer2_pins1000_set2_nonIso,p4_5,ILP,588840,240,True,0%
mmlu_qwen_layer2_pins1000_set2_nonIso,p4_5,ILP,632630,240,True,0%
mmlu_qwen_layer2_pins1000_set2_nonIso,p4_5,ILP_dupl,18000250,325,False,128%
mmlu_qwen_layer2_pins1000_set2_nonIso,p4_5,ILP_dupl,18000850,414,False,121.6%
mmlu_qwen_layer2_pins1000_set2_nonIso,p4_5,ILP_repl,18000420,189,False,94.98%
mmlu_qwen_layer2_pins1000_set2_nonIso,p4_5,ILP_repl,18000540,138,False,91.75%
mmlu_qwen_layer2_pins1000_nonIso,p4_5,ILP,240190,124,True,0%
mmlu_qwen_layer2_pins1000_nonIso,p4_5,ILP,168100,124,True,0%
mmlu_qwen_layer2_pins1000_nonIso,p4_5,ILP_dupl,18000060,81,False,48.42%
mmlu_qwen_layer2_pins1000_nonIso,p4_5,ILP_dupl,18000030,91,False,50.24%
mmlu_qwen_layer2_pins1000_nonIso,p4_5,ILP_repl,18000520,93,False,90.79%
mmlu_qwen_layer2_pins1000_nonIso,p4_5,ILP_repl,18000200,99,False,91.16%
mmlu_qwen_layer1_pins1000_set2_nonIso,p4_5,ILP,306040,218,True,0%
mmlu_qwen_layer1_pins1000_set2_nonIso,p4_5,ILP_dupl,18000530,367,False,131.4%
mmlu_qwen_layer1_pins1000_set2_nonIso,p4_5,ILP_repl,18000550,167,False,99.31%
mmlu_qwen_layer1_pins1000_nonIso,p4_5,ILP,219760,92,True,0%
mmlu_qwen_layer1_pins1000_nonIso,p4_5,ILP_dupl,18000570,76,False,62.62%
mmlu_qwen_layer1_pins1000_nonIso,p4_5,ILP_repl,18000160,81,False,79.89%
mmlu_qwen_layer0_pins1000_set2_nonIso,p4_5,ILP,88230,133,True,0%
mmlu_qwen_layer0_pins1000_set2_nonIso,p4_5,ILP_dupl,18007250,83,False,190.9%
mmlu_qwen_layer0_pins1000_set2_nonIso,p4_5,ILP_repl,18000210,55,False,62.73%
mmlu_qwen_layer0_pins1000_nonIso,p4_5,ILP,120190,74,True,0%
mmlu_qwen_layer0_pins1000_nonIso,p4_5,ILP_dupl,18000150,45,False,43.68%
mmlu_qwen_layer0_pins1000_nonIso,p4_5,ILP_repl,18000100,50,False,72.17%
mmlu_deepseek_layer7_pins1000_set2_nonIso,p4_5,ILP,241990,175,True,0%
mmlu_deepseek_layer7_pins1000_set2_nonIso,p4_5,ILP_dupl,18000050,83,False,29.19%
mmlu_deepseek_layer7_pins1000_set2_nonIso,p4_5,ILP_repl,18000090,11,False,100%
mmlu_deepseek_layer7_pins1000_nonIso,p4_5,ILP,18000020,178,False,9.827%
mmlu_deepseek_layer7_pins1000_nonIso,p4_5,ILP_dupl,18000530,243,False,100.9%
mmlu_deepseek_layer7_pins1000_nonIso,p4_5,ILP_repl,18000240,278,False,98.86%
mmlu_deepseek_layer6_pins1000_set2_nonIso,p4_5,ILP,762040,227,True,0%
mmlu_deepseek_layer6_pins1000_set2_nonIso,p4_5,ILP,776670,227,True,0%
mmlu_deepseek_layer6_pins1000_set2_nonIso,p4_5,ILP_dupl,18000480,138,False,155.7%
mmlu_deepseek_layer6_pins1000_set2_nonIso,p4_5,ILP_dupl,324000,300,False,151.4%
mmlu_deepseek_layer6_pins1000_set2_nonIso,p4_5,ILP_repl,18000050,166,False,100%
mmlu_deepseek_layer6_pins1000_nonIso,p4_5,ILP,18000070,207,False,4.388%
mmlu_deepseek_layer6_pins1000_nonIso,p4_5,ILP_dupl,18000530,302,False,102%
mmlu_deepseek_layer6_pins1000_nonIso,p4_5,ILP_repl,18000350,361,False,98.82%
mmlu_deepseek_layer5_pins1000_set2_nonIso,p4_5,ILP,327500,100,True,0%
mmlu_deepseek_layer5_pins1000_set2_nonIso,p4_5,ILP_dupl,18000330,197,False,126.7%
mmlu_deepseek_layer5_pins1000_set2_nonIso,p4_5,ILP_repl,18000530,243,False,100%
mmlu_deepseek_layer5_pins1000_nonIso,p4_5,ILP,6122860,129,True,0%
mmlu_deepseek_layer5_pins1000_nonIso,p4_5,ILP_dupl,18000040,192,False,100.4%
mmlu_deepseek_layer5_pins1000_nonIso,p4_5,ILP_repl,18000230,209,False,97.76%
mmlu_deepseek_layer4_pins1000_set2_nonIso,p4_5,ILP,218220,143,True,0%
mmlu_deepseek_layer4_pins1000_set2_nonIso,p4_5,ILP_dupl,18000520,220,False,137.3%
mmlu_deepseek_layer4_pins1000_set2_nonIso,p4_5,ILP_repl,18000260,145,False,100%
mmlu_deepseek_layer4_pins1000_nonIso,p4_5,ILP,2343220,193,True,0%
mmlu_deepseek_layer4_pins1000_nonIso,p4_5,ILP_dupl,18000050,276,False,101.3%
mmlu_deepseek_layer4_pins1000_nonIso,p4_5,ILP_repl,18000010,230,False,98.48%
mmlu_deepseek_layer3_pins1000_set2_nonIso,p4_5,ILP,25830,162,True,0%
mmlu_deepseek_layer3_pins1000_set2_nonIso,p4_5,ILP_dupl,18000020,72,False,154.1%
mmlu_deepseek_layer3_pins1000_set2_nonIso,p4_5,ILP_repl,1939000,179,False,100.0%
mmlu_deepseek_layer3_pins1000_nonIso,p4_5,ILP,810150,173,True,0%
mmlu_deepseek_layer3_pins1000_nonIso,p4_5,ILP_dupl,18000030,136,False,81.91%
mmlu_deepseek_layer3_pins1000_nonIso,p4_5,ILP_repl,18000040,170,False,89.84%
mesh1e1,p4_5,ILP,12916470,18,True,0%
mesh1e1,p4_5,ILP,15005020,18,True,0%
mesh1e1,p4_5,ILP_dupl,18000190,10,False,92.57%
mesh1e1,p4_5,ILP_dupl,18000170,10,False,79.26%
mesh1e1,p4_5,ILP_repl,18000080,10,False,59.56%
mesh1e1,p4_5,ILP_repl,8798000,10,False,57.8%
lshp_265,p4_5,ILP,3540200,38,True,0%
lshp_265,p4_5,ILP_dupl,18000160,77,False,111%
lshp_265,p4_5,ILP_repl,18000230,61,False,100%
lp_lotfi,p4_5,ILP,18000140,47,False,20.39%
lp_lotfi,p4_5,ILP_dupl,18000330,62,False,96.33%
lp_lotfi,p4_5,ILP_repl,18000210,70,False,93.72%
lp_lotfi,p4_5,ILP_repl,13168000,70,False,94.0%
impcol_e,p4_5,ILP,291480,56,True,0%
impcol_e,p4_5,ILP_dupl,18000130,40,False,22.34%
impcol_e,p4_5,ILP_repl,14558010,37,True,0%
impcol_c,p4_5,ILP,18000160,32,False,52.23%
impcol_c,p4_5,ILP_dupl,18000070,32,False,27.74%
impcol_c,p4_5,ILP_repl,13622310,32,True,0%
d_dyn,p4_5,ILP,2642190,14,True,0%
d_dyn,p4_5,ILP_dupl,18000250,4,False,107.5%
d_dyn,p4_5,ILP_repl,7096730,4,True,0%
can_24,p4_5,ILP,100640,12,True,0%
can_24,p4_5,ILP_dupl,2142290,7,True,0%
can_24,p4_5,ILP_repl,1414480,7,True,0%
bfwa62,p4_5,ILP,18000050,27,False,50.02%
bfwa62,p4_5,ILP_dupl,18000460,75,False,104.3%
bfwa62,p4_5,ILP_repl,18000440,111,False,100%
bcspwr04,p4_5,ILP,318590,21,True,0%
bcspwr04,p4_5,ILP_dupl,18000190,14,False,86.5%
bcspwr04,p4_5,ILP_repl,18000460,17,False,76.72%
bcspwr03,p4_5,ILP,498490,10,True,0%
bcspwr03,p4_5,ILP,47550,10,True,0%
bcspwr03,p4_5,ILP,44850,10,True,0%
bcspwr03,p4_5,ILP_dupl,18000480,1,False,157.8%
bcspwr03,p4_5,ILP_dupl,18000080,6,False,33.01%
bcspwr03,p4_5,ILP_dupl,14843000,6,False,36.9%
bcspwr03,p4_5,ILP_repl,4474000,1,True,0%
bcspwr03,p4_5,ILP_repl,858140,6,True,0%
bcspwr02,p4_5,ILP,19780,6,True,0%
bcspwr02,p4_5,ILP_dupl,842850,1,True,0%
bcspwr02,p4_5,ILP_repl,118290,1,True,0%
494_bus,p4_5,ILP,921120,15,True,0%
494_bus,p4_5,ILP_dupl,18000560,146,False,112.6%
494_bus,p4_5,ILP_repl,14564280,0,True,0%
west0132,p4_250,ILP,7713710,15,True,0%
west0132,p4_250,ILP_dupl,18000520,13,False,136%
west0132,p4_250,ILP_repl,18000170,8,False,67.82%
rajat14,p4_250,ILP,1057940,179,True,0%
rajat14,p4_250,ILP_dupl,18000120,173,False,3.042%
rajat14,p4_250,ILP_repl,13588000,190,False,12.5%
mmlu_deepseek_layer7_pins1000_set2_nonIso,p4_250,ILP,108020,180,True,0%
mmlu_deepseek_layer7_pins1000_set2_nonIso,p4_250,ILP_dupl,16799280,103,True,0%
mmlu_deepseek_layer7_pins1000_set2_nonIso,p4_250,ILP_repl,18000020,33,False,55.2%
mmlu_deepseek_layer7_pins1000_nonIso,p4_250,ILP,18000070,180,False,9.947%
mmlu_deepseek_layer7_pins1000_nonIso,p4_250,ILP_dupl,18000110,285,False,97.92%
mmlu_deepseek_layer7_pins1000_nonIso,p4_250,ILP_repl,18000530,385,False,97.66%
mmlu_deepseek_layer6_pins1000_set2_nonIso,p4_250,ILP,253250,233,True,0%
mmlu_deepseek_layer6_pins1000_set2_nonIso,p4_250,ILP_dupl,18000050,152,False,99.63%
mmlu_deepseek_layer6_pins1000_set2_nonIso,p4_250,ILP_repl,18000130,128,False,92.26%
mmlu_deepseek_layer6_pins1000_nonIso,p4_250,ILP,18000020,210,False,4.361%
mmlu_deepseek_layer6_pins1000_nonIso,p4_250,ILP,18000090,210,False,4.349%
mmlu_deepseek_layer6_pins1000_nonIso,p4_250,ILP_dupl,18000090,240,False,95.16%
mmlu_deepseek_layer6_pins1000_nonIso,p4_250,ILP_dupl,18000080,240,False,95.16%
mmlu_deepseek_layer6_pins1000_nonIso,p4_250,ILP_repl,886000,552,False,99.27%
mmlu_deepseek_layer6_pins1000_nonIso,p4_250,ILP_repl,18000170,255,False,93.49%
mmlu_deepseek_layer5_pins1000_set2_nonIso,p4_250,ILP,217980,103,True,0%
mmlu_deepseek_layer5_pins1000_set2_nonIso,p4_250,ILP_dupl,18000710,75,False,141.4%
mmlu_deepseek_layer5_pins1000_set2_nonIso,p4_250,ILP_repl,18000200,60,False,77.45%
mmlu_deepseek_layer5_pins1000_nonIso,p4_250,ILP,9839030,131,True,0%
mmlu_deepseek_layer5_pins1000_nonIso,p4_250,ILP_dupl,18000140,123,False,91.44%
mmlu_deepseek_layer5_pins1000_nonIso,p4_250,ILP_repl,18000060,143,False,91.2%
mesh1e1,p4_250,ILP,8081590,18,True,0%
mesh1e1,p4_250,ILP_dupl,18000140,16,False,77.53%
mesh1e1,p4_250,ILP_repl,18000150,12,False,42.04%
impcol_e,p4_250,ILP,470300,59,True,0%
impcol_e,p4_250,ILP_dupl,13708680,47,True,0%
impcol_e,p4_250,ILP_repl,8239530,47,True,0%
d_dyn,p4_250,ILP,3600060,15,True,0%
d_dyn,p4_250,ILP_dupl,18000040,11,False,85.48%
d_dyn,p4_250,ILP_repl,18000150,10,False,36.35%
bcspwr04,p4_250,ILP,308190,22,True,0%
bcspwr04,p4_250,ILP_dupl,18000210,17,False,33.61%
bcspwr04,p4_250,ILP_repl,11997000,16,True,0%
west0132,p4_10,ILP,3898690,14,True,0%
west0132,p4_10,ILP_dupl,18000140,1,False,100%
west0132,p4_10,ILP_repl,9835060,0,True,0%
rajat14,p4_10,ILP,845000,171,True,0%
rajat14,p4_10,ILP_dupl,18000130,163,False,6.601%
rajat14,p4_10,ILP_repl,15274840,161,True,0%
mmlu_deepseek_layer7_pins1000_set2_nonIso,p4_10,ILP,126150,170,True,0%
mmlu_deepseek_layer7_pins1000_set2_nonIso,p4_10,ILP_dupl,18000580,82,False,139.8%
mmlu_deepseek_layer7_pins1000_set2_nonIso,p4_10,ILP_repl,18000170,1,False,100%
mmlu_deepseek_layer7_pins1000_nonIso,p4_10,ILP,18000030,170,False,8.568%
mmlu_deepseek_layer7_pins1000_nonIso,p4_10,ILP_dupl,18000540,252,False,102.1%
mmlu_deepseek_layer7_pins1000_nonIso,p4_10,ILP_repl,18000560,322,False,100%
mmlu_deepseek_layer6_pins1000_set2_nonIso,p4_10,ILP,188970,219,True,0%
mmlu_deepseek_layer6_pins1000_set2_nonIso,p4_10,ILP_dupl,18000280,201,False,151.8%
mmlu_deepseek_layer6_pins1000_set2_nonIso,p4_10,ILP_repl,18000230,585,False,100%
mmlu_deepseek_layer6_pins1000_nonIso,p4_10,ILP,9696210,199,True,0%
mmlu_deepseek_layer6_pins1000_nonIso,p4_10,ILP_dupl,18000370,330,False,105.4%
mmlu_deepseek_layer6_pins1000_nonIso,p4_10,ILP_repl,18000580,472,False,100%
mmlu_deepseek_layer5_pins1000_set2_nonIso,p4_10,ILP,342360,97,True,0%
mmlu_deepseek_layer5_pins1000_set2_nonIso,p4_10,ILP_dupl,18002220,316,False,124.2%
mmlu_deepseek_layer5_pins1000_set2_nonIso,p4_10,ILP_repl,18000160,70,False,100%
mmlu_deepseek_layer5_pins1000_nonIso,p4_10,ILP,7087800,124,True,0%
mmlu_deepseek_layer5_pins1000_nonIso,p4_10,ILP_dupl,18000170,179,False,104.8%
mmlu_deepseek_layer5_pins1000_nonIso,p4_10,ILP_repl,18000030,342,False,100%
mesh1e1,p4_10,ILP,5695860,17,True,0%
mesh1e1,p4_10,ILP_dupl,18000100,6,False,124.3%
mesh1e1,p4_10,ILP_repl,18000070,6,False,62.21%
impcol_e,p4_10,ILP,288530,50,True,0%
impcol_e,p4_10,ILP_dupl,18000310,30,False,73.73%
impcol_e,p4_10,ILP_repl,18000050,26,False,42.73%
d_dyn,p4_10,ILP,1737110,14,True,0%
d_dyn,p4_10,ILP_dupl,18000090,1,False,100%
d_dyn,p4_10,ILP_repl,417530,0,True,0%
bcspwr04,p4_10,ILP,296440,18,True,0%
bcspwr04,p4_10,ILP_dupl,18000440,6,False,157.8%
bcspwr04,p4_10,ILP_repl,17169840,4,True,0%
west0479,p2_5,ILP,60480,36,True,0%
west0479,p2_5,ILP,91100,36,True,0%
west0479,p2_5,ILP_dupl,1846710,18,True,0%
west0479,p2_5,ILP_dupl,1798550,18,True,0%
west0479,p2_5,ILP_repl,2592920,18,True,0%
west0479,p2_5,ILP_repl,10789090,18,True,0%
west0156,p2_5,ILP,3980,5,True,0%
west0156,p2_5,ILP,2080,5,True,0%
west0156,p2_5,ILP,2090,5,True,0%
west0156,p2_5,ILP_dupl,9860,0,True,0%
west0156,p2_5,ILP_dupl,101950,0,True,0%
west0156,p2_5,ILP_dupl,36770,0,True,0%
west0156,p2_5,ILP_repl,2740,0,True,0%
west0156,p2_5,ILP_repl,2230,0,True,0%
west0156,p2_5,ILP_repl,2110,0,True,0%
west0132,p2_5,ILP,7110,6,True,0%
west0132,p2_5,ILP_dupl,11160,0,True,0%
west0132,p2_5,ILP_repl,46760,0,True,0%
refine,p2_5,ILP,1210,3,True,0%
refine,p2_5,ILP_dupl,3120,1,True,0%
refine,p2_5,ILP_repl,2570,1,True,0%
rajat14,p2_5,ILP,5790,103,True,0%
rajat14,p2_5,ILP,8510,103,True,0%
rajat14,p2_5,ILP_dupl,5440,103,True,0%
rajat14,p2_5,ILP_dupl,6040,103,True,0%
rajat14,p2_5,ILP_repl,16970,103,True,0%
rajat14,p2_5,ILP_repl,19730,103,True,0%
mmlu_qwen_layer4_pins1000_set2_nonIso,p2_5,ILP,7970,146,True,0%
mmlu_qwen_layer4_pins1000_set2_nonIso,p2_5,ILP_dupl,89870,75,True,0%
mmlu_qwen_layer4_pins1000_set2_nonIso,p2_5,ILP_repl,288350,75,True,0%
mmlu_qwen_layer4_pins1000_nonIso,p2_5,ILP,2460,39,True,0%
mmlu_qwen_layer4_pins1000_nonIso,p2_5,ILP_dupl,22320,23,True,0%
mmlu_qwen_layer4_pins1000_nonIso,p2_5,ILP_repl,84280,23,True,0%
mmlu_qwen_layer3_pins1000_set2_nonIso,p2_5,ILP,8820,173,True,0%
mmlu_qwen_layer3_pins1000_set2_nonIso,p2_5,ILP_dupl,98440,89,True,0%
mmlu_qwen_layer3_pins1000_set2_nonIso,p2_5,ILP_repl,343400,89,True,0%
mmlu_qwen_layer3_pins1000_nonIso,p2_5,ILP,3210,59,True,0%
mmlu_qwen_layer3_pins1000_nonIso,p2_5,ILP_dupl,26500,38,True,0%
mmlu_qwen_layer3_pins1000_nonIso,p2_5,ILP_repl,624440,38,True,0%
mmlu_qwen_layer2_pins1000_set2_nonIso,p2_5,ILP,7070,99,True,0%
mmlu_qwen_layer2_pins1000_set2_nonIso,p2_5,ILP_dupl,87370,25,True,0%
mmlu_qwen_layer2_pins1000_set2_nonIso,p2_5,ILP_repl,81750,25,True,0%
mmlu_qwen_layer2_pins1000_nonIso,p2_5,ILP,2060,48,True,0%
mmlu_qwen_layer2_pins1000_nonIso,p2_5,ILP_dupl,30950,33,True,0%
mmlu_qwen_layer2_pins1000_nonIso,p2_5,ILP_repl,172120,33,True,0%
mmlu_qwen_layer1_pins1000_set2_nonIso,p2_5,ILP,7290,99,True,0%
mmlu_qwen_layer1_pins1000_set2_nonIso,p2_5,ILP_dupl,130840,42,True,0%
mmlu_qwen_layer1_pins1000_set2_nonIso,p2_5,ILP_repl,1026579,42,True,0%
mmlu_qwen_layer1_pins1000_nonIso,p2_5,ILP,2520,40,True,0%
mmlu_qwen_layer1_pins1000_nonIso,p2_5,ILP_dupl,19470,21,True,0%
mmlu_qwen_layer1_pins1000_nonIso,p2_5,ILP_repl,68740,21,True,0%
mmlu_qwen_layer0_pins1000_set2_nonIso,p2_5,ILP,6020,60,True,0%
mmlu_qwen_layer0_pins1000_set2_nonIso,p2_5,ILP_dupl,114100,9,True,0%
mmlu_qwen_layer0_pins1000_set2_nonIso,p2_5,ILP_repl,39050,9,True,0%
mmlu_qwen_layer0_pins1000_nonIso,p2_5,ILP,2340,32,True,0%
mmlu_qwen_layer0_pins1000_nonIso,p2_5,ILP_dupl,23780,15,True,0%
mmlu_qwen_layer0_pins1000_nonIso,p2_5,ILP_repl,44320,15,True,0%
mmlu_deepseek_layer7_pins1000_nonIso,p2_5,ILP,10120,81,True,0%
mmlu_deepseek_layer7_pins1000_nonIso,p2_5,ILP_dupl,1846000,54,False,42.85%
mmlu_deepseek_layer7_pins1000_nonIso,p2_5,ILP,10430,81,True,0%
mmlu_deepseek_layer7_pins1000_nonIso,p2_5,ILP_dupl,8004140,54,True,0%
mmlu_deepseek_layer7_pins1000_nonIso,p2_5,ILP_repl,3961000,54,False,56.09%
mmlu_deepseek_layer7_pins1000_nonIso,p2_5,ILP,10430,81,True,0%
mmlu_deepseek_layer7_pins1000_nonIso,p2_5,ILP_dupl,8004140,54,True,0%
mmlu_deepseek_layer7_pins1000_nonIso,p2_5,ILP_repl,3961000,54,False,56.09%
mmlu_deepseek_layer6_pins1000_set2_nonIso,p2_5,ILP,4710,112,True,0%
mmlu_deepseek_layer6_pins1000_set2_nonIso,p2_5,ILP_dupl,110440,19,True,0%
mmlu_deepseek_layer6_pins1000_set2_nonIso,p2_5,ILP_repl,1190480,19,True,0%
mmlu_deepseek_layer6_pins1000_nonIso,p2_5,ILP,8790,96,True,0%
mmlu_deepseek_layer6_pins1000_nonIso,p2_5,ILP_dupl,4482530,62,True,0%
mmlu_deepseek_layer6_pins1000_nonIso,p2_5,ILP_repl,9809660,62,True,0%
mmlu_deepseek_layer5_pins1000_set2_nonIso,p2_5,ILP,5820,61,True,0%
mmlu_deepseek_layer5_pins1000_set2_nonIso,p2_5,ILP_dupl,144340,13,True,0%
mmlu_deepseek_layer5_pins1000_set2_nonIso,p2_5,ILP_repl,1401220,13,True,0%
mmlu_deepseek_layer5_pins1000_nonIso,p2_5,ILP,6160,55,True,0%
mmlu_deepseek_layer5_pins1000_nonIso,p2_5,ILP_dupl,620410,35,True,0%
mmlu_deepseek_layer5_pins1000_nonIso,p2_5,ILP_repl,3769660,35,True,0%
mmlu_deepseek_layer4_pins1000_set2_nonIso,p2_5,ILP,5870,69,True,0%
mmlu_deepseek_layer4_pins1000_set2_nonIso,p2_5,ILP_dupl,139880,9,True,0%
mmlu_deepseek_layer4_pins1000_set2_nonIso,p2_5,ILP_repl,193660,9,True,0%
mmlu_deepseek_layer4_pins1000_nonIso,p2_5,ILP,7640,89,True,0%
mmlu_deepseek_layer4_pins1000_nonIso,p2_5,ILP_dupl,384740,46,True,0%
mmlu_deepseek_layer4_pins1000_nonIso,p2_5,ILP_repl,3467350,46,True,0%
mmlu_deepseek_layer3_pins1000_set2_nonIso,p2_5,ILP,8940,87,True,0%
mmlu_deepseek_layer3_pins1000_set2_nonIso,p2_5,ILP_dupl,235910,22,True,0%
mmlu_deepseek_layer3_pins1000_set2_nonIso,p2_5,ILP_repl,447880,22,True,0%
mmlu_deepseek_layer3_pins1000_nonIso,p2_5,ILP,28740,84,True,0%
mmlu_deepseek_layer3_pins1000_nonIso,p2_5,ILP_dupl,1271290,53,True,0%
mmlu_deepseek_layer3_pins1000_nonIso,p2_5,ILP_repl,8620600,53,True,0%
mesh1e1,p2_5,ILP,7280,9,True,0%
mesh1e1,p2_5,ILP_dupl,58890,3,True,0%
mesh1e1,p2_5,ILP_repl,55600,3,True,0%
lshp_265,p2_5,ILP,18410,16,True,0%
lshp_265,p2_5,ILP,14490,16,True,0%
lshp_265,p2_5,ILP_dupl,523409,6,True,0%
lshp_265,p2_5,ILP_dupl,644830,6,True,0%
lshp_265,p2_5,ILP_repl,1094870,6,True,0%
lshp_265,p2_5,ILP_repl,541770,6,True,0%
lp_lotfi,p2_5,ILP,22220,19,True,0%
lp_lotfi,p2_5,ILP,28190,19,True,0%
lp_lotfi,p2_5,ILP_dupl,474720,11,True,0%
lp_lotfi,p2_5,ILP_dupl,422000,11,True,0%
lp_lotfi,p2_5,ILP_repl,1252410,11,True,0%
lp_lotfi,p2_5,ILP_repl,2518310,11,True,0%
impcol_e,p2_5,ILP,2590,12,True,0%
impcol_e,p2_5,ILP,3540,12,True,0%
impcol_e,p2_5,ILP_dupl,57180,9,True,0%
impcol_e,p2_5,ILP_dupl,78170,9,True,0%
impcol_e,p2_5,ILP_repl,37760,9,True,0%
impcol_e,p2_5,ILP_repl,43510,9,True,0%
impcol_c,p2_5,ILP,39630,14,True,0%
impcol_c,p2_5,ILP_dupl,372710,0,True,0%
impcol_c,p2_5,ILP_repl,29100,0,True,0%
d_dyn,p2_5,ILP,3410,5,True,0%
d_dyn,p2_5,ILP_dupl,14740,0,True,0%
d_dyn,p2_5,ILP_repl,7130,0,True,0%
can_24,p2_5,ILP,1180,5,True,0%
can_24,p2_5,ILP_dupl,4780,2,True,0%
can_24,p2_5,ILP_repl,1960,2,True,0%
bfwa62,p2_5,ILP,46420,11,True,0%
bfwa62,p2_5,ILP_dupl,373970,3,True,0%
bfwa62,p2_5,ILP_repl,528250,3,True,0%
bcspwr04,p2_5,ILP,4870,9,True,0%
bcspwr04,p2_5,ILP,5090,9,True,0%
bcspwr04,p2_5,ILP_dupl,20700,1,True,0%
bcspwr04,p2_5,ILP_dupl,76610,1,True,0%
bcspwr04,p2_5,ILP_repl,50680,1,True,0%
bcspwr04,p2_5,ILP_repl,166660,1,True,0%
bcspwr03,p2_5,ILP,4630,5,True,0%
bcspwr03,p2_5,ILP,1300,5,True,0%
bcspwr03,p2_5,ILP_dupl,8660,1,True,0%
bcspwr03,p2_5,ILP_dupl,6170,1,True,0%
bcspwr03,p2_5,ILP_repl,6090,1,True,0%
bcspwr03,p2_5,ILP_repl,8180,1,True,0%
bcspwr02,p2_5,ILP,870,2,True,0%
bcspwr02,p2_5,ILP_dupl,2490,0,True,0%
bcspwr02,p2_5,ILP_repl,340,0,True,0%
494_bus,p2_5,ILP,7450,8,True,0%
494_bus,p2_5,ILP,19060,8,True,0%
494_bus,p2_5,ILP_dupl,19170,0,True,0%
494_bus,p2_5,ILP_dupl,32189,0,True,0%
494_bus,p2_5,ILP_repl,39220,0,True,0%
494_bus,p2_5,ILP_repl,30530,0,True,0%
mmlu_deepseek_layer7_pins1000_nonIso,p2_5,ILP,11750,81,True,0%
mmlu_deepseek_layer7_pins1000_nonIso,p2_5,ILP_dupl,8004140,54,True,0%
mmlu_deepseek_layer7_pins1000_nonIso,p2_5,ILP_repl,3961000,54,False,56.09%
mmlu_deepseek_layer7_pins1000_set2_nonIso,p2_5,ILP,4490,100,True,0%
mmlu_deepseek_layer7_pins1000_set2_nonIso,p2_5,ILP_dupl,71960,0,True,0%
mmlu_deepseek_layer7_pins1000_set2_nonIso,p2_5,ILP_repl,50440,0,True,0%
west0479,p2_250,ILP,55160,37,True,0%
west0479,p2_250,ILP_dupl,917760,24,True,0%
west0479,p2_250,ILP_repl,2278390,24,True,0%
west0156,p2_250,ILP,1720,5,True,0%
west0156,p2_250,ILP,4960,5,True,0%
west0156,p2_250,ILP_dupl,18930,0,True,0%
west0156,p2_250,ILP_repl,10920,0,True,0%
west0132,p2_250,ILP,7300,6,True,0%
west0132,p2_250,ILP_dupl,25140,0,True,0%
west0132,p2_250,ILP_repl,94830,0,True,0%
refine,p2_250,ILP,1680,3,True,0%
refine,p2_250,ILP_dupl,3920,1,True,0%
refine,p2_250,ILP_repl,2240,1,True,0%
rajat14,p2_250,ILP,10690,105,True,0%
rajat14,p2_250,ILP_dupl,5560,105,True,0%
rajat14,p2_250,ILP_repl,37540,105,True,0%
mmlu_qwen_layer4_pins1000_set2_nonIso,p2_250,ILP,7230,146,True,0%
mmlu_qwen_layer4_pins1000_set2_nonIso,p2_250,ILP_dupl,36100,103,True,0%
mmlu_qwen_layer4_pins1000_set2_nonIso,p2_250,ILP_repl,116920,103,True,0%
mmlu_qwen_layer4_pins1000_nonIso,p2_250,ILP,2050,40,True,0%
mmlu_qwen_layer4_pins1000_nonIso,p2_250,ILP_dupl,12330,31,True,0%
mmlu_qwen_layer4_pins1000_nonIso,p2_250,ILP_repl,32580,31,True,0%
mmlu_qwen_layer3_pins1000_set2_nonIso,p2_250,ILP,17150,175,True,0%
mmlu_qwen_layer3_pins1000_set2_nonIso,p2_250,ILP_dupl,34160,124,True,0%
mmlu_qwen_layer3_pins1000_set2_nonIso,p2_250,ILP_repl,104850,124,True,0%
mmlu_qwen_layer3_pins1000_nonIso,p2_250,ILP,2870,61,True,0%
mmlu_qwen_layer3_pins1000_nonIso,p2_250,ILP_dupl,25920,55,True,0%
mmlu_qwen_layer3_pins1000_nonIso,p2_250,ILP_repl,177930,55,True,0%
mmlu_qwen_layer2_pins1000_set2_nonIso,p2_250,ILP,7610,99,True,0%
mmlu_qwen_layer2_pins1000_set2_nonIso,p2_250,ILP_dupl,33870,40,True,0%
mmlu_qwen_layer2_pins1000_set2_nonIso,p2_250,ILP_repl,63170,40,True,0%
mmlu_qwen_layer2_pins1000_nonIso,p2_250,ILP,2200,50,True,0%
mmlu_qwen_layer2_pins1000_nonIso,p2_250,ILP_dupl,22080,37,True,0%
mmlu_qwen_layer2_pins1000_nonIso,p2_250,ILP_repl,31830,37,True,0%
mmlu_qwen_layer1_pins1000_set2_nonIso,p2_250,ILP,5660,107,True,0%
mmlu_qwen_layer1_pins1000_set2_nonIso,p2_250,ILP_dupl,71880,64,True,0%
mmlu_qwen_layer1_pins1000_set2_nonIso,p2_250,ILP_repl,103660,64,True,0%
mmlu_qwen_layer1_pins1000_nonIso,p2_250,ILP,2840,42,True,0%
mmlu_qwen_layer1_pins1000_nonIso,p2_250,ILP_dupl,26930,27,True,0%
mmlu_qwen_layer1_pins1000_nonIso,p2_250,ILP_repl,47290,27,True,0%
mmlu_qwen_layer0_pins1000_set2_nonIso,p2_250,ILP,4570,61,True,0%
mmlu_qwen_layer0_pins1000_set2_nonIso,p2_250,ILP_dupl,47130,22,True,0%
mmlu_qwen_layer0_pins1000_set2_nonIso,p2_250,ILP_repl,26730,22,True,0%
mmlu_qwen_layer0_pins1000_nonIso,p2_250,ILP,2200,33,True,0%
mmlu_qwen_layer0_pins1000_nonIso,p2_250,ILP_dupl,10380,24,True,0%
mmlu_qwen_layer0_pins1000_nonIso,p2_250,ILP_repl,47200,24,True,0%
mmlu_deepseek_layer7_pins1000_set2_nonIso,p2_250,ILP,5000,104,True,0%
mmlu_deepseek_layer7_pins1000_set2_nonIso,p2_250,ILP_dupl,42250,6,True,0%
mmlu_deepseek_layer7_pins1000_set2_nonIso,p2_250,ILP_repl,77790,6,True,0%
mmlu_deepseek_layer7_pins1000_nonIso,p2_250,ILP,11710,84,True,0%
mmlu_deepseek_layer7_pins1000_nonIso,p2_250,ILP_dupl,1806340,70,True,0%
mmlu_deepseek_layer7_pins1000_nonIso,p2_250,ILP_repl,15537350,70,True,0%
mmlu_deepseek_layer6_pins1000_set2_nonIso,p2_250,ILP,4980,115,True,0%
mmlu_deepseek_layer6_pins1000_set2_nonIso,p2_250,ILP_dupl,42520,41,True,0%
mmlu_deepseek_layer6_pins1000_set2_nonIso,p2_250,ILP_repl,1061370,41,True,0%
mmlu_deepseek_layer6_pins1000_nonIso,p2_250,ILP,7460,98,True,0%
mmlu_deepseek_layer6_pins1000_nonIso,p2_250,ILP_dupl,817450,73,True,0%
mmlu_deepseek_layer6_pins1000_nonIso,p2_250,ILP_repl,13732350,73,True,0%
mmlu_deepseek_layer5_pins1000_set2_nonIso,p2_250,ILP,8240,62,True,0%
mmlu_deepseek_layer5_pins1000_set2_nonIso,p2_250,ILP_dupl,81760,23,True,0%
mmlu_deepseek_layer5_pins1000_set2_nonIso,p2_250,ILP_repl,602880,23,True,0%
mmlu_deepseek_layer5_pins1000_nonIso,p2_250,ILP,5660,56,True,0%
mmlu_deepseek_layer5_pins1000_nonIso,p2_250,ILP_dupl,404810,43,True,0%
mmlu_deepseek_layer5_pins1000_nonIso,p2_250,ILP_repl,5742360,43,True,0%
mmlu_deepseek_layer4_pins1000_set2_nonIso,p2_250,ILP,3870,71,True,0%
mmlu_deepseek_layer4_pins1000_set2_nonIso,p2_250,ILP_dupl,43200,21,True,0%
mmlu_deepseek_layer4_pins1000_set2_nonIso,p2_250,ILP_repl,47540,21,True,0%
mmlu_deepseek_layer4_pins1000_nonIso,p2_250,ILP,8340,93,True,0%
mmlu_deepseek_layer4_pins1000_nonIso,p2_250,ILP_dupl,262390,69,True,0%
mmlu_deepseek_layer4_pins1000_nonIso,p2_250,ILP_repl,2602460,69,True,0%
mmlu_deepseek_layer3_pins1000_set2_nonIso,p2_250,ILP,5560,87,True,0%
mmlu_deepseek_layer3_pins1000_set2_nonIso,p2_250,ILP_dupl,94220,41,True,0%
mmlu_deepseek_layer3_pins1000_set2_nonIso,p2_250,ILP_repl,383990,41,True,0%
mmlu_deepseek_layer3_pins1000_nonIso,p2_250,ILP,14230,87,True,0%
mmlu_deepseek_layer3_pins1000_nonIso,p2_250,ILP_dupl,409310,66,True,0%
mmlu_deepseek_layer3_pins1000_nonIso,p2_250,ILP_repl,3211300,66,True,0%
mesh1e1,p2_250,ILP,5170,9,True,0%
mesh1e1,p2_250,ILP_dupl,43900,6,True,0%
mesh1e1,p2_250,ILP_repl,116570,6,True,0%
lshp_265,p2_250,ILP,12440,16,True,0%
lshp_265,p2_250,ILP_dupl,214150,10,True,0%
lshp_265,p2_250,ILP_repl,319910,10,True,0%
lp_lotfi,p2_250,ILP,21840,20,True,0%
lp_lotfi,p2_250,ILP_dupl,172810,15,True,0%
lp_lotfi,p2_250,ILP_repl,1098060,15,True,0%
impcol_e,p2_250,ILP,4190,15,True,0%
impcol_e,p2_250,ILP_dupl,15700,11,True,0%
impcol_e,p2_250,ILP_repl,37320,11,True,0%
impcol_c,p2_250,ILP,2860,18,True,0%
impcol_c,p2_250,ILP_dupl,289140,5,True,0%
impcol_c,p2_250,ILP_repl,773980,5,True,0%
d_dyn,p2_250,ILP,3280,5,True,0%
d_dyn,p2_250,ILP_dupl,39270,1,True,0%
d_dyn,p2_250,ILP_repl,12500,1,True,0%
can_24,p2_250,ILP,1410,5,True,0%
can_24,p2_250,ILP_dupl,2970,3,True,0%
can_24,p2_250,ILP_repl,3590,3,True,0%
bfwa62,p2_250,ILP,41970,11,True,0%
bfwa62,p2_250,ILP_dupl,443910,5,True,0%
bfwa62,p2_250,ILP_repl,1049980,5,True,0%
bcspwr04,p2_250,ILP,4210,9,True,0%
bcspwr04,p2_250,ILP_dupl,21780,5,True,0%
bcspwr04,p2_250,ILP_repl,92800,5,True,0%
bcspwr03,p2_250,ILP,1380,5,True,0%
bcspwr03,p2_250,ILP,3680,5,True,0%
bcspwr03,p2_250,ILP_dupl,10470,0,True,0%
bcspwr03,p2_250,ILP_repl,17780,0,True,0%
bcspwr02,p2_250,ILP,1240,2,True,0%
bcspwr02,p2_250,ILP_dupl,2730,0,True,0%
bcspwr02,p2_250,ILP_repl,1550,0,True,0%
494_bus,p2_250,ILP,8150,8,True,0%
494_bus,p2_250,ILP_dupl,281590,0,True,0%
494_bus,p2_250,ILP_repl,60110,0,True,0%
west0132,p2_125,ILP,25020,7,True,0%
west0132,p2_125,ILP,24980,7,True,0%
west0132,p2_125,ILP_dupl,154400,3,True,0%
west0132,p2_125,ILP_dupl,154840,3,True,0%
west0132,p2_125,ILP_repl,136570,3,True,0%
west0132,p2_125,ILP_repl,136970,3,True,0%
rajat14,p2_125,ILP,4720,107,True,0%
rajat14,p2_125,ILP,4570,107,True,0%
rajat14,p2_125,ILP_dupl,4550,107,True,0%
rajat14,p2_125,ILP_dupl,4590,107,True,0%
rajat14,p2_125,ILP_repl,9250,107,True,0%
rajat14,p2_125,ILP_repl,9500,107,True,0%
mmlu_deepseek_layer7_pins1000_set2_nonIso,p2_125,ILP,5180,106,True,0%
mmlu_deepseek_layer7_pins1000_set2_nonIso,p2_125,ILP,5130,106,True,0%
mmlu_deepseek_layer7_pins1000_set2_nonIso,p2_125,ILP_dupl,16770,11,True,0%
mmlu_deepseek_layer7_pins1000_set2_nonIso,p2_125,ILP_dupl,16810,11,True,0%
mmlu_deepseek_layer7_pins1000_set2_nonIso,p2_125,ILP_repl,56930,11,True,0%
mmlu_deepseek_layer7_pins1000_set2_nonIso,p2_125,ILP_repl,57290,11,True,0%
mmlu_deepseek_layer7_pins1000_nonIso,p2_125,ILP,32710,85,True,0%
mmlu_deepseek_layer7_pins1000_nonIso,p2_125,ILP,33010,85,True,0%
mmlu_deepseek_layer7_pins1000_nonIso,p2_125,ILP_dupl,639810,74,True,0%
mmlu_deepseek_layer7_pins1000_nonIso,p2_125,ILP_dupl,642740,74,True,0%
mmlu_deepseek_layer7_pins1000_nonIso,p2_125,ILP_repl,3947770,74,True,0%
mmlu_deepseek_layer7_pins1000_nonIso,p2_125,ILP_repl,3968920,74,True,0%
mmlu_deepseek_layer6_pins1000_set2_nonIso,p2_125,ILP,12610,117,True,0%
mmlu_deepseek_layer6_pins1000_set2_nonIso,p2_125,ILP,12670,117,True,0%
mmlu_deepseek_layer6_pins1000_set2_nonIso,p2_125,ILP_dupl,16530,61,True,0%
mmlu_deepseek_layer6_pins1000_set2_nonIso,p2_125,ILP_dupl,16540,61,True,0%
mmlu_deepseek_layer6_pins1000_set2_nonIso,p2_125,ILP_repl,176730,61,True,0%
mmlu_deepseek_layer6_pins1000_set2_nonIso,p2_125,ILP_repl,177810,61,True,0%
mmlu_deepseek_layer6_pins1000_nonIso,p2_125,ILP,17620,101,True,0%
mmlu_deepseek_layer6_pins1000_nonIso,p2_125,ILP,18610,101,True,0%
mmlu_deepseek_layer6_pins1000_nonIso,p2_125,ILP_dupl,247460,87,True,0%
mmlu_deepseek_layer6_pins1000_nonIso,p2_125,ILP_dupl,258089,87,True,0%
mmlu_deepseek_layer6_pins1000_nonIso,p2_125,ILP_repl,1073810,87,True,0%
mmlu_deepseek_layer6_pins1000_nonIso,p2_125,ILP_repl,1085610,87,True,0%
mmlu_deepseek_layer5_pins1000_set2_nonIso,p2_125,ILP,6930,62,True,0%
mmlu_deepseek_layer5_pins1000_set2_nonIso,p2_125,ILP,7490,62,True,0%
mmlu_deepseek_layer5_pins1000_set2_nonIso,p2_125,ILP_dupl,31740,32,True,0%
mmlu_deepseek_layer5_pins1000_set2_nonIso,p2_125,ILP_dupl,35510,32,True,0%
mmlu_deepseek_layer5_pins1000_set2_nonIso,p2_125,ILP_repl,110880,32,True,0%
mmlu_deepseek_layer5_pins1000_set2_nonIso,p2_125,ILP_repl,118320,32,True,0%
mmlu_deepseek_layer5_pins1000_nonIso,p2_125,ILP,12920,57,True,0%
mmlu_deepseek_layer5_pins1000_nonIso,p2_125,ILP,15810,57,True,0%
mmlu_deepseek_layer5_pins1000_nonIso,p2_125,ILP_dupl,223430,53,True,0%
mmlu_deepseek_layer5_pins1000_nonIso,p2_125,ILP_dupl,268320,53,True,0%
mmlu_deepseek_layer5_pins1000_nonIso,p2_125,ILP_repl,329510,53,True,0%
mmlu_deepseek_layer5_pins1000_nonIso,p2_125,ILP_repl,377230,53,True,0%
mesh1e1,p2_125,ILP,5950,9,True,0%
mesh1e1,p2_125,ILP,5920,9,True,0%
mesh1e1,p2_125,ILP_dupl,39380,7,True,0%
mesh1e1,p2_125,ILP_dupl,39360,7,True,0%
mesh1e1,p2_125,ILP_repl,114590,7,True,0%
mesh1e1,p2_125,ILP_repl,114710,7,True,0%
impcol_e,p2_125,ILP,4220,17,True,0%
impcol_e,p2_125,ILP,4500,17,True,0%
impcol_e,p2_125,ILP_dupl,9910,15,True,0%
impcol_e,p2_125,ILP_dupl,9740,15,True,0%
impcol_e,p2_125,ILP_repl,41830,15,True,0%
impcol_e,p2_125,ILP_repl,42300,15,True,0%
d_dyn,p2_125,ILP,5920,5,True,0%
d_dyn,p2_125,ILP,5920,5,True,0%
d_dyn,p2_125,ILP_dupl,27910,3,True,0%
d_dyn,p2_125,ILP_dupl,27970,3,True,0%
d_dyn,p2_125,ILP_repl,24370,3,True,0%
d_dyn,p2_125,ILP_repl,24400,3,True,0%
bcspwr04,p2_125,ILP,5110,9,True,0%
bcspwr04,p2_125,ILP,5070,9,True,0%
bcspwr04,p2_125,ILP_dupl,22380,7,True,0%
bcspwr04,p2_125,ILP_dupl,22370,7,True,0%
bcspwr04,p2_125,ILP_repl,48370,7,True,0%
bcspwr04,p2_125,ILP_repl,48470,7,True,0%
